"date","fg","close"
2020-01-01,37,7213.918462217
2020-01-02,39,6968.274896337
2020-01-03,38,7317.184074338
2020-01-04,38,7358.491964047
2020-01-05,39,7352.362745092
2020-01-06,41,7764.21795016
2020-01-07,40,8155.216395206
2020-01-08,51,8055.759827258
2020-01-09,44,7829.063239858
2020-01-10,41,8160.41356717
2020-01-11,50,8024.791558571
2020-01-12,45,8164.590607768
2020-01-13,49,8116.969510017
2020-01-14,56,8838.564861799
2020-01-15,54,8807.632433908
2020-01-16,55,8722.037088492
2020-01-17,54,8921.648280804
2020-01-18,51,8929.544856857
2020-01-19,53,8697.342225048
2020-01-20,48,8639.196220239
2020-01-21,49,8747.381850419
2020-01-22,52,8672.801078606
2020-01-23,49,8391.607956581
2020-01-24,40,8440.287025972
2020-01-25,41,8366.208771054
2020-01-26,42,8591.002875698
2020-01-27,50,8895.603627951
2020-01-28,54,9334.836393301
2020-01-29,57,9304.918063766
2020-01-30,57,9503.267999973
2020-01-31,55,9336.132884714
2020-02-01,57,9386.105651619
2020-02-02,57,9339.574889161
2020-02-03,59,9302.36265841
2020-02-04,56,9187.070016251
2020-02-05,53,9602.309743074
2020-02-06,61,9754.07841167
2020-02-07,56,9820.295541559
2020-02-08,56,9899.911944208
2020-02-09,56,10128.750275518
2020-02-10,57,9869.436911635
2020-02-11,52,10229.700902488
2020-02-12,61,10327.554589217
2020-02-13,65,10225.415261826
2020-02-14,63,10327.512334976
2020-02-15,64,9903.077896912
2020-02-16,59,9969.235680452
2020-02-17,49,9711.996027942
2020-02-18,53,10144.896496497
2020-02-19,50,9621.766805943
2020-02-20,44,9612.39263243
2020-02-21,44,9683.453205911
2020-02-22,43,9667.521623153
2020-02-23,46,9923.659319612
2020-02-24,46,9664.370231955
2020-02-25,44,9358.388620384
2020-02-26,41,8829.543592945
2020-02-27,39,8775.595015544
2020-02-28,40,8731.610771305
2020-02-29,38,8569.467784718
2020-03-01,39,8557.504357584
2020-03-02,38,8900.068550262
2020-03-03,38,8772.476036802
2020-03-04,40,8749.500221929
2020-03-05,41,9051.139212389
2020-03-06,39,9129.266627707
2020-03-07,38,8898.942077756
2020-03-08,33,8042.736084463
2020-03-09,17,7915.672114634
2020-03-10,16,7900.821325967
2020-03-11,17,7931.347542963
2020-03-12,14,4724.392684378
2020-03-13,10,5518.647280507
2020-03-14,8,5212.979297886
2020-03-15,12,5381.745246919
2020-03-16,9,5022.578106242
2020-03-17,8,5362.320406925
2020-03-18,11,5365.581534299
2020-03-19,12,6160.004718461
2020-03-20,9,6192.309975228
2020-03-21,9,6149.79835117
2020-03-22,11,5843.158786255
2020-03-23,10,6467.459038287
2020-03-24,12,6736.044984352
2020-03-25,13,6681.336594453
2020-03-26,14,6736.291779135
2020-03-27,12,6377.749563627
2020-03-28,8,6239.838831896
2020-03-29,12,5917.297073238
2020-03-30,10,6424.078447239
2020-03-31,12,6431.262412871
2020-04-01,12,6598.287014759
2020-04-02,14,6807.465142308
2020-04-03,14,6733.747734803
2020-04-04,12,6847.730054844
2020-04-05,12,6789.732164723
2020-04-06,12,7279.161792257
2020-04-07,20,7198.770191509
2020-04-08,21,7352.328771068
2020-04-09,22,7293.584360283
2020-04-10,15,6859.8337374
2020-04-11,15,6869.586551932
2020-04-12,10,6977.230635882
2020-04-13,11,6837.422539886
2020-04-14,15,6856.179093865
2020-04-15,18,6637.791815543
2020-04-16,13,7088.799491826
2020-04-17,15,7034.54035767
2020-04-18,18,7233.157423116
2020-04-19,16,7133.148679405
2020-04-20,15,6856.78595335
2020-04-21,17,6851.005362273
2020-04-22,19,7106.551177031
2020-04-23,19,7464.891126761
2020-04-24,20,7497.353392645
2020-04-25,24,7535.263896666
2020-04-26,21,7665.828318069
2020-04-27,28,7766.689761497
2020-04-28,26,7754.222425558
2020-04-29,26,8759.789190303
2020-04-30,44,8607.329832118
2020-05-01,40,8832.98125113
2020-05-02,40,8974.922892482
2020-05-03,45,8894.362674812
2020-05-04,44,8883.30678116
2020-05-05,40,8967.997704233
2020-05-06,42,9198.252700851
2020-05-07,49,9968.105282228
2020-05-08,55,9822.88562923
2020-05-09,56,9570.005987549
2020-05-10,48,8745.152545192
2020-05-11,40,8593.856494464
2020-05-12,39,8792.063767945
2020-05-13,41,9302.896540995
2020-05-14,40,9772.561575826
2020-05-15,44,9293.972171086
2020-05-16,41,9380.484219264
2020-05-17,40,9667.578396738
2020-05-18,50,9733.739136589
2020-05-19,50,9761.178765113
2020-05-20,52,9524.434063671
2020-05-21,49,9073.693078891
2020-05-22,42,9160.705420055
2020-05-23,40,9180.527996785
2020-05-24,43,8791.793685125
2020-05-25,41,8897.213209214
2020-05-26,39,8850.354200037
2020-05-27,39,9165.144673701
2020-05-28,41,9536.159368896
2020-05-29,48,9418.133839887
2020-05-30,48,9693.552426994
2020-05-31,51,9449.860914083
2020-06-01,50,10177.770353698
2020-06-02,56,9538.727853222
2020-06-03,48,9652.629014484
2020-06-04,54,9803.990305736
2020-06-05,53,9641.917174627
2020-06-06,54,9662.323105336
2020-06-07,54,9742.573822416
2020-06-08,53,9773.301577068
2020-06-09,52,9769.869087608
2020-06-10,54,9864.561413157
2020-06-11,52,9314.378159997
2020-06-12,38,9460.375484512
2020-06-13,38,9463.820529397
2020-06-14,40,9352.845602064
2020-06-15,37,9421.652179904
2020-06-16,39,9520.484680768
2020-06-17,38,9463.405493001
2020-06-18,40,9401.552893373
2020-06-19,39,9305.901804693
2020-06-20,38,9348.977142148
2020-06-21,37,9289.89379981
2020-06-22,38,9685.845286855
2020-06-23,41,9614.94360605
2020-06-24,50,9289.303604875
2020-06-25,43,9254.748295924
2020-06-26,40,9165.503578236
2020-06-27,43,9014.22427198
2020-06-28,40,9118.117533044
2020-06-29,41,9180.15902631
2020-06-30,44,9145.560607003
2020-07-01,42,9225.668161404
2020-07-02,42,9084.054479317
2020-07-03,41,9065.57798453
2020-07-04,40,9127.518466541
2020-07-05,38,9072.772592194
2020-07-06,40,9342.540315737
2020-07-07,43,9252.355179756
2020-07-08,44,9420.350154587
2020-07-09,44,9240.366175725
2020-07-10,41,9278.447734235
2020-07-11,44,9231.320100491
2020-07-12,41,9286.726084869
2020-07-13,43,9247.107825483
2020-07-14,43,9254.20447377
2020-07-15,44,9206.764838048
2020-07-16,43,9137.239203353
2020-07-17,41,9155.773355258
2020-07-18,44,9170.802680627
2020-07-19,41,9207.816995889
2020-07-20,44,9164.069788541
2020-07-21,44,9385.174346234
2020-07-22,50,9518.901022149
2020-07-23,55,9592.963304038
2020-07-24,53,9545.046629108
2020-07-25,55,9686.12071608
2020-07-26,55,9917.359473893
2020-07-27,58,10996.536599024
2020-07-28,76,10895.733957139
2020-07-29,71,11073.297879589
2020-07-30,76,11109.23106292
2020-07-31,75,11334.58546549
2020-08-01,75,11800.389870165
2020-08-02,80,11073.607655717
2020-08-03,75,11246.255476837
2020-08-04,72,11194.554614509
2020-08-05,75,11732.927950313
2020-08-06,79,11780.285372344
2020-08-07,77,11583.159273747
2020-08-08,77,11728.585226911
2020-08-09,79,11648.083166166
2020-08-10,78,11867.866490683
2020-08-11,84,11395.405816094
2020-08-12,75,11576.814266862
2020-08-13,75,11763.009141034
2020-08-14,78,11742.876373856
2020-08-15,79,11865.383052744
2020-08-16,82,11892.68092121
2020-08-17,83,12285.936628884
2020-08-18,82,11961.994599784
2020-08-19,80,11732.405565665
2020-08-20,75,11866.595191214
2020-08-21,81,11530.919234185
2020-08-22,78,11681.15792601
2020-08-23,76,11653.407286706
2020-08-24,78,11763.761713068
2020-08-25,75,11361.554816122
2020-08-26,76,11463.567970252
2020-08-27,75,11311.240202114
2020-08-28,74,11496.830217387
2020-08-29,79,11485.101567395
2020-08-30,75,11697.794368445
2020-08-31,75,11655.998698678
2020-09-01,75,11921.754916292
2020-09-02,83,11399.148968018
2020-09-03,79,10215.669958645
2020-09-04,40,10473.519453043
2020-09-05,41,10129.786654306
2020-09-06,41,10257.229742702
2020-09-07,41,10356.444382971
2020-09-08,41,10112.206366256
2020-09-09,38,10214.15437465
2020-09-10,38,10334.638647185
2020-09-11,41,10374.778150971
2020-09-12,41,10438.37739278
2020-09-13,38,10315.666411066
2020-09-14,39,10665.113719053
2020-09-15,47,10782.99980322
2020-09-16,43,10946.921228692
2020-09-17,48,10934.419674311
2020-09-18,49,10916.970917053
2020-09-19,48,11076.850892878
2020-09-20,52,10914.687407947
2020-09-21,48,10427.87773384
2020-09-22,39,10531.351535286
2020-09-23,43,10231.051311501
2020-09-24,39,10731.532396808
2020-09-25,46,10683.395234217
2020-09-26,45,10739.742577529
2020-09-27,47,10766.522449088
2020-09-28,43,10702.472833045
2020-09-29,45,10839.962683468
2020-09-30,49,10766.814094563
2020-10-01,45,10614.303326871
2020-10-02,41,10566.494383933
2020-10-03,40,10541.32189207
2020-10-04,42,10665.698551049
2020-10-05,42,10784.67081854
2020-10-06,47,10604.446854355
2020-10-07,43,10665.252260679
2020-10-08,46,10898.551843619
2020-10-09,48,11066.190869882
2020-10-10,53,11294.994190302
2020-10-11,55,11376.435109896
2020-10-12,52,11544.137639625
2020-10-13,56,11423.480015091
2020-10-14,53,11426.367479344
2020-10-15,56,11492.615897338
2020-10-16,52,11312.662784187
2020-10-17,56,11368.484736962
2020-10-18,55,11490.015808249
2020-10-19,55,11748.376783365
2020-10-20,56,11910.242112809
2020-10-21,61,12808.795951863
2020-10-22,73,12958.537189204
2020-10-23,74,12929.022175701
2020-10-24,73,13117.174729466
2020-10-25,76,13020.811715896
2020-10-26,75,13065.536025938
2020-10-27,61,13651.54050526
2020-10-28,70,13275.481261315
2020-10-29,67,13443.531522235
2020-10-30,74,13568.837248108
2020-10-31,73,13795.526547596
2020-11-01,72,13735.006857626
2020-11-02,71,13576.968475843
2020-11-03,71,13973.248876644
2020-11-04,74,14132.96094433
2020-11-05,72,15558.525408402
2020-11-06,90,15547.052549124
2020-11-07,88,14821.983251777
2020-11-08,82,15499.081293284
2020-11-09,90,15326.156847868
2020-11-10,90,15280.16349114
2020-11-11,86,15687.480248155
2020-11-12,87,16279.270538159
2020-11-13,89,16316.137259339
2020-11-14,90,16083.588047602
2020-11-15,86,15961.34578839
2020-11-16,90,16725.110727362
2020-11-17,86,17683.759275981
2020-11-18,91,17827.839147466
2020-11-19,94,17806.276919319
2020-11-20,86,18641.285031419
2020-11-21,91,18709.05738082
2020-11-22,94,18413.52696735
2020-11-23,90,18374.452581293
2020-11-24,88,19121.511413257
2020-11-25,94,18770.202102024
2020-11-26,93,17072.810341953
2020-11-27,86,17076.842021809
2020-11-28,87,17707.715790133
2020-11-29,89,18162.123474769
2020-11-30,88,19721.874730214
2020-12-01,95,18855.043740295
2020-12-02,92,19201.276130857
2020-12-03,92,19427.95495995
2020-12-04,92,18737.192660312
2020-12-05,93,19127.656824482
2020-12-06,95,19336.692554651
2020-12-07,94,19190.037781381
2020-12-08,95,18325.054202865
2020-12-09,86,18569.987699691
2020-12-10,94,18261.878450329
2020-12-11,89,18062.118986906
2020-12-12,90,18804.794708687
2020-12-13,91,19169.338451969
2020-12-14,95,19270.746809811
2020-12-15,91,19434.070313033
2020-12-16,92,21367.096307987
2020-12-17,92,22823.459093674
2020-12-18,95,23113.992587247
2020-12-19,93,23844.568074264
2020-12-20,92,23516.402834426
2020-12-21,92,22882.157922681
2020-12-22,88,23801.640166626
2020-12-23,93,23261.78519646
2020-12-24,86,23733.030486264
2020-12-25,94,24652.036519447
2020-12-26,93,26446.973570052
2020-12-27,91,26326.481838017
2020-12-28,92,27147.366752087
2020-12-29,91,27392.54054504
2020-12-30,91,28810.020485478
2020-12-31,95,28977.96181814
2021-01-01,94,29300.190935827
2021-01-02,94,32093.264962249
2021-01-03,93,32877.607282615
2021-01-04,94,31973.832153912
2021-01-05,93,33965.160423041
2021-01-06,95,36904.218251055
2021-01-07,91,39493.128514839
2021-01-08,93,40703.290535401
2021-01-09,93,40129.000498579
2021-01-10,94,38299.01960037
2021-01-11,90,35569.722698726
2021-01-12,84,33949.396834015
2021-01-13,78,37359.33215959
2021-01-14,83,39304.686213759
2021-01-15,88,36678.950398519
2021-01-16,84,36178.180209501
2021-01-17,79,35786.417028053
2021-01-18,79,36714.843204834
2021-01-19,80,36177.487494105
2021-01-20,78,35636.110992082
2021-01-21,75,30892.802357827
2021-01-22,40,32836.135575065
2021-01-23,74,32045.83959395
2021-01-24,70,32261.744350118
2021-01-25,74,32272.783841286
2021-01-26,71,32577.768696891
2021-01-27,78,30305.343778842
2021-01-28,55,33117.572836963
2021-01-29,77,34241.186845666
2021-01-30,76,34333.107938735
2021-01-31,78,33136.139470858
2021-02-01,77,33513.441195617
2021-02-02,76,35507.127708897
2021-02-03,78,37551.934350785
2021-02-04,80,36938.034865347
2021-02-05,81,37945.964473995
2021-02-06,84,39191.507551212
2021-02-07,86,38888.638236331
2021-02-08,83,46225.496408246
2021-02-09,95,46511.520580186
2021-02-10,92,44866.502278149
2021-02-11,93,47680.424437754
2021-02-12,92,47622.56892074
2021-02-13,92,47056.769564544
2021-02-14,95,48673.329709376
2021-02-15,93,47981.977492583
2021-02-16,95,49261.050774171
2021-02-17,95,52127.620932861
2021-02-18,91,51656.846873218
2021-02-19,93,55795.155052979
2021-02-20,91,56008.787435495
2021-02-21,91,57367.946141722
2021-02-22,94,54153.655191753
2021-02-23,94,48514.382154476
2021-02-24,76,49577.667053636
2021-02-25,79,47372.377990661
2021-02-26,55,46205.257719958
2021-02-27,56,46202.313746958
2021-02-28,55,44986.744834586
2021-03-01,38,49557.936855621
2021-03-02,78,48245.59608153
2021-03-03,78,50593.579779577
2021-03-04,84,48523.779583539
2021-03-05,77,48901.915683951
2021-03-06,77,48884.800434591
2021-03-07,76,51409.226747725
2021-03-08,81,52326.862441311
2021-03-09,81,54759.461685978
2021-03-10,68,55998.739272912
2021-03-11,73,57633.699811129
2021-03-12,70,57278.155019056
2021-03-13,74,61297.997385093
2021-03-14,78,59380.018943745
2021-03-15,76,55723.949158947
2021-03-16,71,56455.998436302
2021-03-17,71,58711.978740212
2021-03-18,72,57687.520560171
2021-03-19,71,58091.623667025
2021-03-20,75,58219.82
2021-03-21,73,57392.205695478
2021-03-22,70,54249.990775698
2021-03-23,66,54599.961810643
2021-03-24,65,52584.785401622
2021-03-25,60,51412.192011042
2021-03-26,54,55002.769793935
2021-03-27,65,55917.880112079
2021-03-28,74,55861.95
2021-03-29,72,57664.850966586
2021-03-30,72,58693.948561784
2021-03-31,76,58719.454369704
2021-04-01,74,58755.615177915
2021-04-02,74,58963.327596364
2021-04-03,73,57139.137960369
2021-04-04,74,58215.19
2021-04-05,71,58777.739363776
2021-04-06,75,58093.238332403
2021-04-07,72,56073.471560786
2021-04-08,73,58019.88
2021-04-09,70,58159.44
2021-04-10,70,59747.436800736
2021-04-11,76,60018.28649422
2021-04-12,74,59940.53
2021-04-13,74,63528.48
2021-04-14,75,62628.975942463
2021-04-15,79,63183.14
2021-04-16,78,61504.768623643
2021-04-17,76,60078.27
2021-04-18,79,56037.128717561
2021-04-19,74,55653.244867317
2021-04-20,73,56363.62
2021-04-21,73,53889.33
2021-04-22,65,51843.679797905
2021-04-23,55,51020.041151817
2021-04-24,37,50007.715949987
2021-04-25,31,48987.681638512
2021-04-26,27,53954.40656687
2021-04-27,50,54924.014700428
2021-04-28,59,54766.539300399
2021-04-29,52,53610.429064522
2021-04-30,51,57758.646931212
2021-05-01,68,57793.518868245
2021-05-02,66,56563.76
2021-05-03,61,57211.408640625
2021-05-04,68,53329.387643742
2021-05-05,48,57338.36
2021-05-06,65,56484.49
2021-05-07,64,57339.55
2021-05-08,67,58711.172030754
2021-05-09,73,58169.727616902
2021-05-10,72,55772.281248757
2021-05-11,61,56721.833840935
2021-05-12,68,50482.434481737
2021-05-13,31,49655.621033883
2021-05-14,26,49884.92
2021-05-15,27,46786.61
2021-05-16,20,46395.05
2021-05-17,27,43590.922172391
2021-05-18,21,43019.774295314
2021-05-19,23,36974.614735375
2021-05-20,11,40389.7781072043
2021-05-21,19,37242.9427045884
2021-05-22,12,37555
2021-05-23,14,34834.682242452
2021-05-24,10,38619.3971002881
2021-05-25,22,38165.7881756158
2021-05-26,22,39184.7616541311
2021-05-27,27,38479.6922845557
2021-05-28,21,35670.7
2021-05-29,18,34523.41
2021-05-30,10,35618.157583079
2021-05-31,18,37303.7500886974
2021-06-01,20,36606.39
2021-06-02,23,37622.43
2021-06-03,24,39152.71
2021-06-04,27,36908.14
2021-06-05,24,35510.26
2021-06-06,17,35781.01
2021-06-07,15,33550.0040803216
2021-06-08,13,33369.1380606844
2021-06-09,14,37345.0449215626
2021-06-10,21,36870.06
2021-06-11,21,37200.35
2021-06-12,28,35538.3
2021-06-13,23,38990
2021-06-14,28,40499.97
2021-06-15,38,40204.51
2021-06-16,33,38290.0433172175
2021-06-17,26,38082.08
2021-06-18,25,35577.47
2021-06-19,23,35635.38
2021-06-20,21,35648.5171634709
2021-06-21,23,31606.39
2021-06-22,10,32366.97
2021-06-23,14,33646.15
2021-06-24,22,34580.3511770044
2021-06-25,27,31708.5089279517
2021-06-26,20,31858.58
2021-06-27,22,34579.03
2021-06-28,25,34439.12
2021-06-29,25,35840.3864684777
2021-06-30,28,35060.4289663752
2021-07-01,28,33628.67
2021-07-02,21,33846.0070871488
2021-07-03,24,34698.3031288501
2021-07-04,27,35312.387544197
2021-07-05,29,33866.5447497376
2021-07-06,20,34106.8063806492
2021-07-07,28,33867.4651242288
2021-07-08,20,32837.9602730337
2021-07-09,20,33866.196381878
2021-07-10,20,33548.8173271299
2021-07-11,20,34249.77403858
2021-07-12,25,33219.3520004525
2021-07-13,20,32567.5725146342
2021-07-14,21,32776.139630324
2021-07-15,20,31641.4470456929
2021-07-16,22,31385.55
2021-07-17,15,31570.17
2021-07-18,19,31813
2021-07-19,24,30851.95
2021-07-20,19,29759.93
2021-07-21,10,32142.94
2021-07-22,21,32338.55
2021-07-23,23,33506.0938152619
2021-07-24,22,34211.77
2021-07-25,27,35227.35
2021-07-26,26,37211.42
2021-07-27,32,39184.61
2021-07-28,50,39999.97
2021-07-29,50,39993.53
2021-07-30,53,42094.78
2021-07-31,60,41700.9967416797
2021-08-01,60,40120.7007162081
2021-08-02,48,39153.0102945366
2021-08-03,48,38255.05
2021-08-04,42,39772.4716984837
2021-08-05,50,40849.9509830163
2021-08-06,52,42792.7879027855
2021-08-07,69,44665.7715348
2021-08-08,74,43780.2388032382
2021-08-09,65,46265.4742758536
2021-08-10,71,45543.9166642693
2021-08-11,70,45670.172
2021-08-12,70,44434.3365
2021-08-13,70,47799.9721162026
2021-08-14,76,47053.5097
2021-08-15,71,47057.4919
2021-08-16,72,45906.7425
2021-08-17,72,44569.5598
2021-08-18,73,44856.0324
2021-08-19,70,46666.8683
2021-08-20,70,49270.6131478545
2021-08-21,78,49000.4242
2021-08-22,76,49223.9471176446
2021-08-23,79,49486.4032
2021-08-24,79,47734.0314
2021-08-25,73,48939.9658
2021-08-26,75,47130.6185
2021-08-27,71,49005.9495
2021-08-28,78,48864.0249
2021-08-29,72,48876.7643
2021-08-30,73,47020.6765
2021-08-31,73,47225.2696
2021-09-01,71,48744.6322
2021-09-02,74,49318.558
2021-09-03,74,49987.6365681171
2021-09-04,72,49974.0972750062
2021-09-05,73,51698.7267
2021-09-06,79,52639.2443
2021-09-07,79,46881.9971
2021-09-08,47,45972.9463
2021-09-09,45,46319.9526
2021-09-10,46,44833.0831
2021-09-11,31,45096.0509
2021-09-12,32,46058.0015
2021-09-13,44,44990.0214115884
2021-09-14,30,47012.9104
2021-09-15,49,48092.9703
2021-09-16,53,47816.2504
2021-09-17,48,47197.5518
2021-09-18,50,48210.7774
2021-09-19,53,47201.5018
2021-09-20,50,42966.0101
2021-09-21,27,40538.4344
2021-09-22,21,43579.9729767478
2021-09-23,27,44844.228
2021-09-24,33,42748.0353
2021-09-25,28,42718.9378411103
2021-09-26,27,43209.8655
2021-09-27,26,42278.3099623912
2021-09-28,25,40909.3105
2021-09-29,24,41543.6399
2021-09-30,20,43797.5922000847
2021-10-01,27,48080.3728383383
2021-10-02,54,47710.5155
2021-10-03,49,48144.1454
2021-10-04,54,49176.7613
2021-10-05,59,51545.0493680765
2021-10-06,68,55385.4451907251
2021-10-07,76,53809.1381710347
2021-10-08,74,53892.9323
2021-10-09,72,55102.1722137523
2021-10-10,71,54689.5713
2021-10-11,71,57399.2264699288
2021-10-12,78,56035.8582546252
2021-10-13,70,57357.6067
2021-10-14,70,57351.7384160736
2021-10-15,71,61526.3341329899
2021-10-16,78,60860.891837066
2021-10-17,79,61582.2515524913
2021-10-18,78,61953.2331
2021-10-19,75,64217.0839
2021-10-20,82,65986.3029371861
2021-10-21,84,62298.0930077183
2021-10-22,75,60694.0000065083
2021-10-23,74,61238.6222
2021-10-24,73,60849.6163987906
2021-10-25,72,62989.544699582
2021-10-26,76,60396.4959
2021-10-27,73,58681.0152
2021-10-28,66,60438.7464713858
2021-10-29,70,62220.2936637829
2021-10-30,73,61661.2873523669
2021-10-31,74,61339.9756406932
2021-11-01,74,61065.0310670206
2021-11-02,73,63175.512385758
2021-11-03,76,62941.4819910416
2021-11-04,73,61367.933830973
2021-11-05,73,61026.0179919305
2021-11-06,71,61416.3084819743
2021-11-07,73,63180.1330807926
2021-11-08,75,67500.0247355689
2021-11-09,84,66913.3364
2021-11-10,75,64871.2521613343
2021-11-11,77,64800.3610160135
2021-11-12,74,64315.3636360892
2021-11-13,72,64471.0436177885
2021-11-14,74,65255.046861528
2021-11-15,72,63715.7697756852
2021-11-16,71,60189.9985
2021-11-17,52,60338.9249
2021-11-18,54,56749.2716
2021-11-19,34,58046.8891464347
2021-11-20,43,59815.3736102673
2021-11-21,49,58681.0923098494
2021-11-22,50,56369.5245
2021-11-23,33,57672.5289426407
2021-11-24,42,57103.4606
2021-11-25,32,58907.0507578781
2021-11-26,47,53663.6015932084
2021-11-27,21,54487.450221165
2021-11-28,27,57158.6683403781
2021-11-29,33,57876.4942383567
2021-11-30,40,57030.1256528434
2021-12-01,34,57173.0795
2021-12-02,32,56405.6689206404
2021-12-03,31,53708.6772
2021-12-04,25,49014.1128755016
2021-12-05,18,49217.9124
2021-12-06,16,50453.0469812085
2021-12-07,25,50559.9476136295
2021-12-08,28,50471.2169577576
2021-12-09,29,47834.9942935178
2021-12-10,24,47092.3307
2021-12-11,16,49286.3666307345
2021-12-12,27,50116.9917619678
2021-12-13,28,46745.6254
2021-12-14,21,48395.2956706474
2021-12-15,28,48787.2417
2021-12-16,29,47709.1644
2021-12-17,23,46305.3271513849
2021-12-18,24,46871.0184434524
2021-12-19,29,46686.4963
2021-12-20,25,46878.4280901325
2021-12-21,27,48938.9095
2021-12-22,45,48648.5060460319
2021-12-23,34,50795.703732494
2021-12-24,41,50771.9277
2021-12-25,39,50629.9812440385
2021-12-26,37,50799.9788606619
2021-12-27,40,50650.1714449296
2021-12-28,41,47637.8884
2021-12-29,27,46408.3026709984
2021-12-30,22,47161.0092
2021-12-31,28,46304.9495942002
2022-01-01,21,47544.4994
2022-01-02,29,47313.6322
2022-01-03,29,46424.346
2022-01-04,23,45884.4596581148
2022-01-05,24,43529.7281
2022-01-06,15,43119.0638591504
2022-01-07,18,41512.9242
2022-01-08,10,41752.9299959346
2022-01-09,23,41880.9009526579
2022-01-10,23,41786.2184
2022-01-11,21,42674.2972
2022-01-12,22,43900.027
2022-01-13,21,42580.3303
2022-01-14,21,43068.7265794597
2022-01-15,23,43145.3076303167
2022-01-16,21,43104.6771259244
2022-01-17,22,42199.0091087438
2022-01-18,24,42352.1359
2022-01-19,24,41676.4987771772
2022-01-20,24,40673.9441154701
2022-01-21,19,36400.668
2022-01-22,13,35015.9346328171
2022-01-23,11,36231.1426
2022-01-24,13,36705.9179
2022-01-25,12,36948.6310265729
2022-01-26,23,36775.5295035735
2022-01-27,20,37201.8423466586
2022-01-28,24,37784.7229
2022-01-29,24,38131.8236
2022-01-30,29,37937.339
2022-01-31,20,38472.0062358554
2022-02-01,26,38761.9683
2022-02-02,28,36835.9015
2022-02-03,20,37027.78
2022-02-04,20,41653.5603586347
2022-02-05,33,41360.0538
2022-02-06,37,42388.0723424596
2022-02-07,45,43905.9979777668
2022-02-08,48,44082.3925809225
2022-02-09,54,44283.9142
2022-02-10,50,43524.3779183224
2022-02-11,50,42377.6527
2022-02-12,44,42126.3511
2022-02-13,44,42235.5136
2022-02-14,46,42594.941902518
2022-02-15,46,44602.5315
2022-02-16,51,43997.7116
2022-02-17,52,40491.0412
2022-02-18,30,39976.235950323
2022-02-19,25,40112.5595289751
2022-02-20,27,38464.852797323
2022-02-21,25,37003.1535579106
2022-02-22,20,38302.8439
2022-02-23,25,37287.4863427188
2022-02-24,23,38296.165926889
2022-02-25,27,39219.4767570013
2022-02-26,26,39033.5353
2022-02-27,26,37714.4838880546
2022-02-28,20,43181.1437
2022-03-01,51,44359.8712
2022-03-02,52,43938.4768429848
2022-03-03,39,42450.8834319411
2022-03-04,33,39120.0423988613
2022-03-05,22,39409.2124687525
2022-03-06,22,38385.1852487817
2022-03-07,23,37991.8794741498
2022-03-08,21,38724.8200894742
2022-03-09,22,41955.0653161491
2022-03-10,28,39461.3510156464
2022-03-11,22,38770.0459133214
2022-03-12,22,38875.9860457168
2022-03-13,21,37824.3515325632
2022-03-14,23,39599.0243650491
2022-03-15,21,39302.0167863095
2022-03-16,24,41147.2798859602
2022-03-17,27,40958.2251601548
2022-03-18,25,41767.0981653488
2022-03-19,28,42166.229542119
2022-03-20,31,41252.051988235
2022-03-21,30,41051.8334584899
2022-03-22,26,42376.7442183942
2022-03-23,31,42925.9779798179
2022-03-24,40,43948.8911250717
2022-03-25,47,44365.1825501411
2022-03-26,51,44533.2174197434
2022-03-27,49,46842.7195520219
2022-03-28,60,46888.2211508793
2022-03-29,56,47498.665651329
2022-03-30,55,47100.4593711244
2022-03-31,52,45540.8263871419
2022-04-01,50,46231.0047594051
2022-04-02,52,45845.9575616547
2022-04-03,48,46430.6967132338
2022-04-04,52,46605.6029692579
2022-04-05,53,45573.5374132456
2022-04-06,48,43138.5194686641
2022-04-07,34,43480.174721361
2022-04-08,37,42283.4292
2022-04-09,30,42788.7111640408
2022-04-10,34,42242.7841
2022-04-11,32,39456.9330416916
2022-04-12,20,40169.2151231461
2022-04-13,25,41160.0481
2022-04-14,28,39909.7168662346
2022-04-15,22,40558.127
2022-04-16,28,40386.5108
2022-04-17,28,39678.0001
2022-04-18,24,40826.6711
2022-04-19,27,41504.4185
2022-04-20,27,41363.5036636278
2022-04-21,27,40528.7777
2022-04-22,26,39757.5541
2022-04-23,24,39419.5301
2022-04-24,24,39479.9969702719
2022-04-25,23,40475.2752113554
2022-04-26,27,38026.7462555955
2022-04-27,21,39248.4392817821
2022-04-28,24,39749.9386
2022-04-29,23,38592.0044169865
2022-04-30,20,37660.4529221407
2022-05-01,22,38467.094
2022-05-02,28,38503.9095901941
2022-05-03,27,37732.2997523189
2022-05-04,21,39699.0339591762
2022-05-05,27,36568.7596
2022-05-06,22,36033.0634
2022-05-07,23,35552.564
2022-05-08,18,33933.5428100288
2022-05-09,11,30363.8656166158
2022-05-10,10,31024.7033
2022-05-11,12,28984.5358
2022-05-12,12,29130.0386
2022-05-13,10,29250.004
2022-05-14,9,30123.7756
2022-05-15,10,31333.76561707
2022-05-16,14,29880.5481642345
2022-05-17,8,30452.6243283295
2022-05-18,12,28760.1539
2022-05-19,13,30376.3314786069
2022-05-20,13,29234.0329098589
2022-05-21,13,29449.9855599224
2022-05-22,14,30366.0422209617
2022-05-23,10,29114.0811311544
2022-05-24,12,29674.1123
2022-05-25,11,29557.5337356443
2022-05-26,12,29353.6192628326
2022-05-27,12,28606.4744726168
2022-05-28,13,29047.0602687667
2022-05-29,14,29445.7241
2022-05-30,10,31720.0295
2022-05-31,16,31852.83438319
2022-06-01,17,29789.4211335709
2022-06-02,13,30441.4650502303
2022-06-03,10,29717.558046416
2022-06-04,14,29840.0752159414
2022-06-05,10,29909.2103733362
2022-06-06,13,31367.4225984149
2022-06-07,15,31193.0692
2022-06-08,17,30204.5485826061
2022-06-09,11,30111.7067501339
2022-06-10,13,29082.5319503086
2022-06-11,12,28399.9749
2022-06-12,14,26704.7293571762
2022-06-13,11,22509.0994
2022-06-14,8,22209.515
2022-06-15,7,22490.5907273145
2022-06-16,7,20383.6889
2022-06-17,9,20468.2145
2022-06-18,6,19007.5031
2022-06-19,6,20554.9027
2022-06-20,9,20672.8011
2022-06-21,9,20739.9433857192
2022-06-22,11,19976.0535913492
2022-06-23,11,21075.1688
2022-06-24,11,21279.5323291779
2022-06-25,14,21499.9710371342
2022-06-26,14,21029.2163
2022-06-27,12,20732.9834
2022-06-28,10,20293.4508
2022-06-29,13,20101.12
2022-06-30,11,19816.7463599297
2022-07-01,11,19336.1044410867
2022-07-02,14,19246.5094884269
2022-07-03,11,19310.0755
2022-07-04,14,20255.6454
2022-07-05,19,20185.9623282753
2022-07-06,18,20557.5355492725
2022-07-07,18,21647.1659284091
2022-07-08,20,21801.0822054269
2022-07-09,24,21592.7417482031
2022-07-10,24,20857.6558373646
2022-07-11,22,19992.2945670274
2022-07-12,16,19313.2607632308
2022-07-13,15,20187.1528
2022-07-14,18,20587.5358
2022-07-15,15,20831.311371902
2022-07-16,21,21192.1136728528
2022-07-17,24,20769.4022572963
2022-07-18,20,22440.0365841283
2022-07-19,30,23407.3451
2022-07-20,31,23244.5742
2022-07-21,34,23180.0875
2022-07-22,33,22701.085
2022-07-23,31,22471.3157030678
2022-07-24,30,22600.7847140663
2022-07-25,30,21340.4673
2022-07-26,26,21206.7152438424
2022-07-27,28,22943.1204234155
2022-07-28,32,23847.0134427356
2022-07-29,39,23746.2734
2022-07-30,42,23642.2432341078
2022-07-31,39,23314.4296
2022-08-01,33,23311.592835341
2022-08-02,31,22963.8255377813
2022-08-03,34,22812.3048
2022-08-04,30,22635.5200044067
2022-08-05,31,23225.7897475321
2022-08-06,31,22938.3603
2022-08-07,30,23170.7024175418
2022-08-08,30,23792.955
2022-08-09,42,23158.6990955782
2022-08-10,31,23940.2044995893
2022-08-11,41,23928.9778
2022-08-12,42,24395.938
2022-08-13,46,24427.9731839966
2022-08-14,47,24323.0021693484
2022-08-15,45,24146.6057
2022-08-16,44,23889.746060195
2022-08-17,41,23311.7591465405
2022-08-18,30,23206.1852
2022-08-19,33,20840.7242708407
2022-08-20,29,21163.4085025632
2022-08-21,27,21515.7063463541
2022-08-22,29,21418.635
2022-08-23,28,21516.1308214356
2022-08-24,25,21378.1048079322
2022-08-25,25,21591.2848301393
2022-08-26,27,20215.5148548901
2022-08-27,28,20050.5705
2022-08-28,28,19606.7351
2022-08-29,24,20280.8711757716
2022-08-30,27,19768.0653
2022-08-31,23,20046.9471
2022-09-01,20,20145.5884
2022-09-02,25,19927.5466
2022-09-03,21,19834.7956225629
2022-09-04,20,19975.3081000881
2022-09-05,23,19808.0959608095
2022-09-06,22,18812.0610369416
2022-09-07,24,19275.303555717
2022-09-08,20,19318.4204
2022-09-09,22,21370.6408714126
2022-09-10,28,21661.704
2022-09-11,26,21789.4524106206
2022-09-12,25,22387.9386275266
2022-09-13,34,20172.3924560038
2022-09-14,27,20251.7198349224
2022-09-15,28,19662.3883
2022-09-16,20,19756.2681858718
2022-09-17,22,20123.6405516572
2022-09-18,27,19393.5939076199
2022-09-19,21,19576.6371993168
2022-09-20,23,18873.2005
2022-09-21,23,18501.8204944878
2022-09-22,22,19429.1326937926
2022-09-23,20,19245.9694176208
2022-09-24,24,18931.7341116342
2022-09-25,24,18814.0516
2022-09-26,21,19238.7536
2022-09-27,20,19098.4798201915
2022-09-28,20,19399.4887790472
2022-09-29,22,19593.3374622751
2022-09-30,21,19449.607736273
2022-10-01,20,19305.1719
2022-10-02,24,19035.3498830964
2022-10-03,24,19610.3879
2022-10-04,20,20339.726
2022-10-05,25,20168.6041
2022-10-06,26,19948.2219029655
2022-10-07,23,19533.0282491971
2022-10-08,24,19401.0105
2022-10-09,22,19436.3351
2022-10-10,22,19135.3740217304
2022-10-11,24,19045.5416
2022-10-12,20,19157.9773484404
2022-10-13,20,19380.6892988438
2022-10-14,24,19191.0274
2022-10-15,24,19054.8847
2022-10-16,24,19259.6206461812
2022-10-17,20,19558.1117
2022-10-18,22,19351.0697
2022-10-19,23,19124.9892
2022-10-20,23,19042.9309
2022-10-21,23,19166.3286
2022-10-22,20,19202.8529666266
2022-10-23,23,19548.7249
2022-10-24,22,19335.3937
2022-10-25,20,20110.8755613864
2022-10-26,33,20754.0239727509
2022-10-27,32,20283.9797492902
2022-10-28,30,20608.2579
2022-10-29,34,20811.988365564
2022-10-30,34,20621.7479
2022-10-31,31,20504.4602282718
2022-11-01,30,20481.5549
2022-11-02,30,20151.5230765256
2022-11-03,30,20208.5965066403
2022-11-04,30,21156.078
2022-11-05,38,21281.5851
2022-11-06,40,20913.0539
2022-11-07,33,20591.7459
2022-11-08,31,18528.5209270227
2022-11-09,29,15789.3424229981
2022-11-10,22,17590.4146737328
2022-11-11,25,17104.1984
2022-11-12,21,16802.1943
2022-11-13,22,16349.9975970817
2022-11-14,24,16630.6374644017
2022-11-15,22,16894.9265
2022-11-16,23,16673.5077114101
2022-11-17,20,16690.8895273384
2022-11-18,23,16711.1417846524
2022-11-19,23,16715.8385932885
2022-11-20,24,16291.4477
2022-11-21,21,15779.9717017499
2022-11-22,22,16174.9574
2022-11-23,22,16615.2292
2022-11-24,20,16597.7313
2022-11-25,20,16511.9112776604
2022-11-26,22,16461.1945184485
2022-11-27,26,16432.3646151138
2022-11-28,28,16212.4032482207
2022-11-29,26,16436.1924
2022-11-30,29,17188.6346796071
2022-12-01,27,16956.1893
2022-12-02,27,17088.4265
2022-12-03,27,16903.7236253178
2022-12-04,26,17130.1653294874
2022-12-05,26,16959.336063823
2022-12-06,25,17088.3761163571
2022-12-07,29,16838.0474731615
2022-12-08,25,17254.841595411
2022-12-09,26,17123.3867277453
2022-12-10,27,17114.3405863705
2022-12-11,26,17091.916535641
2022-12-12,27,17220.8145351198
2022-12-13,27,17766.3505525949
2022-12-14,30,17799.1689741758
2022-12-15,31,17339.4582705514
2022-12-16,29,16608.4932
2022-12-17,28,16785.8922979444
2022-12-18,26,16750.7658095916
2022-12-19,29,16424.7967132486
2022-12-20,29,16902.5421903307
2022-12-21,26,16806.4164958709
2022-12-22,28,16822.0621448573
2022-12-23,27,16780.4636762201
2022-12-24,29,16833.8821
2022-12-25,29,16829.9184038404
2022-12-26,28,16908.948430198
2022-12-27,27,16706.4597097215
2022-12-28,28,16549.98326575
2022-12-29,28,16641.4448644542
2022-12-30,28,16603.751952657
2022-12-31,25,16538.3479
2023-01-01,26,16607.0694592384
2023-01-02,27,16677.4499435344
2023-01-03,26,16675.9090372549
2023-01-04,29,16857.2827094424
2023-01-05,29,16828.8464
2023-01-06,26,16953.9720665804
2023-01-07,25,16944.5396
2023-01-08,25,17070.5745114764
2023-01-09,25,17194.7787345654
2023-01-10,26,17435.7516459177
2023-01-11,26,17939.3624997606
2023-01-12,30,18858.6646
2023-01-13,31,19913.7294745294
2023-01-14,46,20983.9756
2023-01-15,52,20856.0583913582
2023-01-16,45,21171.0482845444
2023-01-17,51,21157.1896129335
2023-01-18,52,20686.5104197704
2023-01-19,45,21082.0582043037
2023-01-20,51,22665.7507
2023-01-21,53,22751.6074
2023-01-22,53,22723.9532
2023-01-23,50,22944.9201
2023-01-24,52,22614.6584407414
2023-01-25,51,23125.7229
2023-01-26,54,23007.8352
2023-01-27,55,23051.2708
2023-01-28,52,23007.4396
2023-01-29,55,23775.9829
2023-01-30,61,22814.4792
2023-01-31,51,23153.2004
2023-02-01,56,23706.0643
2023-02-02,60,23484.9488
2023-02-03,60,23429.76
2023-02-04,58,23315.8076
2023-02-05,58,22938.1846910512
2023-02-06,56,22747.465
2023-02-07,54,23261.2186
2023-02-08,58,22949.2132
2023-02-09,55,21799.1821078472
2023-02-10,48,21648.2846
2023-02-11,49,21865.7753
2023-02-12,50,21753.7532267276
2023-02-13,48,21810.9904859392
2023-02-14,50,22200.0306
2023-02-15,53,24324.4640262855
2023-02-16,62,23531.7304
2023-02-17,61,24558.3155
2023-02-18,60,24644.0369
2023-02-19,60,24332.2815
2023-02-20,58,24797.2219
2023-02-21,60,24426.1719
2023-02-22,59,24192.9805
2023-02-23,56,23949.1025
2023-02-24,53,23197.7565
2023-02-25,52,23170.0132
2023-02-26,51,23531.2037
2023-02-27,50,23508.2646991617
2023-02-28,53,23139.0767941189
2023-03-01,50,23659.4001
2023-03-02,51,23465.2689
2023-03-03,50,22333.7667018615
2023-03-04,50,22339.0380095419
2023-03-05,47,22434.9936
2023-03-06,48,22409.4946
2023-03-07,49,22195.0144
2023-03-08,50,21692.9446272292
2023-03-09,44,20355.8604
2023-03-10,34,20133.7398235246
2023-03-11,33,20494.9368
2023-03-12,33,21952.7978079661
2023-03-13,49,24063.5624469319
2023-03-14,56,24694.6951
2023-03-15,50,24276.6658924286
2023-03-16,52,25011.182
2023-03-17,51,27310.1766
2023-03-18,64,26891.6279691193
2023-03-19,63,27911.812
2023-03-20,66,27688.0737
2023-03-21,68,28119.5492106989
2023-03-22,62,27273.8081
2023-03-23,57,28318.2186
2023-03-24,61,27415.9340943839
2023-03-25,64,27464.6126
2023-03-26,64,27983.5890339954
2023-03-27,64,27157.5701
2023-03-28,59,27259.2207
2023-03-29,57,28370.7692
2023-03-30,60,28031.5951994533
2023-03-31,63,28467.1966292739
2023-04-01,61,28464.8140177822
2023-04-02,63,28188.1801
2023-04-03,63,27761.458669183
2023-04-04,62,28149.6814
2023-04-05,62,28176.3891
2023-04-06,63,28019.7398
2023-04-07,64,27902.2577
2023-04-08,61,27934.0372
2023-04-09,61,28321.8616
2023-04-10,62,29609.8284
2023-04-11,68,30230.0732
2023-04-12,65,29877.4177359091
2023-04-13,61,30359.5812
2023-04-14,68,30478.2924
2023-04-15,68,30297.8311442758
2023-04-16,68,30304.8745807929
2023-04-17,69,29413.96
2023-04-18,58,30366.57
2023-04-19,63,28804.98
2023-04-20,52,28267.17
2023-04-21,50,27274.5
2023-04-22,53,27820.65
2023-04-23,56,27588.57
2023-04-24,53,27529.2
2023-04-25,53,28326.83
2023-04-26,56,28376.59
2023-04-27,59,29467.27
2023-04-28,64,29327.11
2023-04-29,64,29216.77
2023-04-30,60,29310.54
2023-05-01,63,28084.46
2023-05-02,55,28639.58
2023-05-03,64,28998.8
2023-05-04,64,28820.66
2023-05-05,61,29529.67
2023-05-06,60,28864.28
2023-05-07,64,28443.05
2023-05-08,60,27692.99
2023-05-09,51,27636.66
2023-05-10,52,27624.54
2023-05-11,52,27002.28
2023-05-12,49,26791.96
2023-05-13,48,26789.06
2023-05-14,48,26906.17
2023-05-15,50,27192.17
2023-05-16,54,27025.77
2023-05-17,50,27402.68
2023-05-18,51,26837.94
2023-05-19,48,26866.88
2023-05-20,48,27110.53
2023-05-21,52,26751.47
2023-05-22,49,26851.39
2023-05-23,50,27222.75
2023-05-24,50,26336.63
2023-05-25,51,26474.02
2023-05-26,49,26703.21
2023-05-27,48,26850.79
2023-05-28,50,28100.31
2023-05-29,52,27742.37
2023-05-30,51,27682.8
2023-05-31,51,27225.77
2023-06-01,52,26806.98
2023-06-02,50,27232.85
2023-06-03,53,27060.8
2023-06-04,52,27104.41
2023-06-05,53,25730.52
2023-06-06,44,27200.04
2023-06-07,53,26359.59
2023-06-08,50,26493.46
2023-06-09,50,26489.46
2023-06-10,49,25842.84
2023-06-11,47,25920.86
2023-06-12,47,25887.59
2023-06-13,45,25910.03
2023-06-14,46,25119.91
2023-06-15,41,25585.43
2023-06-16,47,26342.59
2023-06-17,47,26520.01
2023-06-18,49,26339.43
2023-06-19,47,26781.82
2023-06-20,49,28371.02
2023-06-21,59,30059.71
2023-06-22,65,29903.56
2023-06-23,65,30605.59
2023-06-24,62,30540.55
2023-06-25,64,30457.7
2023-06-26,55,30273.8
2023-06-27,59,30709.78
2023-06-28,62,30084.01
2023-06-29,54,30459.1
2023-06-30,56,30492.03
2023-07-01,59,30589.05
2023-07-02,63,30623.76
2023-07-03,62,31154.04
2023-07-04,64,30771.96
2023-07-05,61,30502.92
2023-07-06,56,29970.05
2023-07-07,55,30320.04
2023-07-08,58,30269.02
2023-07-09,55,30164.49
2023-07-10,56,30398.1
2023-07-11,57,30621.56
2023-07-12,64,30383.85
2023-07-13,57,31446.3
2023-07-14,60,30305.65
2023-07-15,56,30275.68
2023-07-16,57,30221.07
2023-07-17,54,30158.01
2023-07-18,56,29845.47
2023-07-19,50,29932.56
2023-07-20,56,29796.85
2023-07-21,50,29907.92
2023-07-22,52,29747.98
2023-07-23,54,30060.75
2023-07-24,55,29186.08
2023-07-25,50,29242.03
2023-07-26,51,29349.52
2023-07-27,51,29209.65
2023-07-28,52,29318.62
2023-07-29,52,29356.22
2023-07-30,52,29273.9
2023-07-31,50,29225.93
2023-08-01,53,29629.24
2023-08-02,53,29151.7
2023-08-03,52,29198.33
2023-08-04,54,29113.38
2023-08-05,50,29074.55
2023-08-06,49,29086.65
2023-08-07,49,29206.01
2023-08-08,54,29766.72
2023-08-09,50,29596.9
2023-08-10,53,29455.74
2023-08-11,51,29426.01
2023-08-12,54,29430.07
2023-08-13,54,29285.11
2023-08-14,50,29430.95
2023-08-15,53,29200.8
2023-08-16,52,28736.49
2023-08-17,50,26610.04
2023-08-18,37,26058.26
2023-08-19,39,26090.63
2023-08-20,37,26180
2023-08-21,38,26123.45
2023-08-22,37,26048.09
2023-08-23,37,26417.4
2023-08-24,41,26141.53
2023-08-25,39,26058.22
2023-08-26,38,26021.02
2023-08-27,38,26088.38
2023-08-28,39,26127.89
2023-08-29,39,27718.23
2023-08-30,49,27316.23
2023-08-31,52,25936.45
2023-09-01,40,25816.57
2023-09-02,39,25856.93
2023-09-03,40,25980.6
2023-09-04,40,25824.15
2023-09-05,40,25788.7
2023-09-06,42,25771.63
2023-09-07,41,26200.96
2023-09-08,46,25910.51
2023-09-09,41,25893.13
2023-09-10,40,25841.65
2023-09-11,40,25143.63
2023-09-12,30,25854.29
2023-09-13,41,26222.02
2023-09-14,45,26528.22
2023-09-15,45,26627.69
2023-09-16,43,26553.13
2023-09-17,46,26531.4
2023-09-18,46,26738.74
2023-09-19,46,27211.2
2023-09-20,47,27121.84
2023-09-21,47,26556.98
2023-09-22,43,26577.61
2023-09-23,47,26580.66
2023-09-24,44,26254.11
2023-09-25,47,26308.45
2023-09-26,46,26217.38
2023-09-27,44,26368.04
2023-09-28,46,27020.31
2023-09-29,48,26910.69
2023-09-30,47,26967.11
2023-10-01,48,27978.1
2023-10-02,50,27609.13
2023-10-03,50,27419.23
2023-10-04,49,27778.6
2023-10-05,48,27422.6
2023-10-06,50,27933
2023-10-07,49,27958.62
2023-10-08,50,27932.44
2023-10-09,50,27584.1
2023-10-10,50,27390.34
2023-10-11,47,26844.46
2023-10-12,45,26738.45
2023-10-13,44,26841.72
2023-10-14,47,26858.7
2023-10-15,45,27146.62
2023-10-16,47,28502.1
2023-10-17,52,28407.42
2023-10-18,50,28322.73
2023-10-19,52,28695.97
2023-10-20,53,29665.02
2023-10-21,63,29894.16
2023-10-22,53,29965.01
2023-10-23,53,32941.46
2023-10-24,66,33856
2023-10-25,72,34464.23
2023-10-26,71,34148.86
2023-10-27,70,33910.02
2023-10-28,65,34088.4
2023-10-29,72,34535.58
2023-10-30,68,34486.77
2023-10-31,66,34650.03
2023-11-01,66,35428.26
2023-11-02,72,34918.05
2023-11-03,65,34730.03
2023-11-04,68,35019.68
2023-11-05,70,35022.44
2023-11-06,74,35019.43
2023-11-07,68,35423.24
2023-11-08,66,35680.29
2023-11-09,69,36775.23
2023-11-10,70,37321.14
2023-11-11,70,37082.17
2023-11-12,73,37035.03
2023-11-13,72,36531.68
2023-11-14,69,35540.04
2023-11-15,60,37863.66
2023-11-16,70,36223.54
2023-11-17,63,36514.01
2023-11-18,69,36559.41
2023-11-19,66,37388.51
2023-11-20,69,37465.89
2023-11-21,71,35942.19
2023-11-22,62,37448.77
2023-11-23,66,37294.4
2023-11-24,66,37710.8
2023-11-25,73,37785.84
2023-11-26,73,37478.11
2023-11-27,66,37268.83
2023-11-28,68,37776.89
2023-11-29,72,37808.01
2023-11-30,74,37715.02
2023-12-01,71,38658.06
2023-12-02,74,39460
2023-12-03,73,39941.07
2023-12-04,74,41995.8
2023-12-05,75,44085.68
2023-12-06,72,43714.53
2023-12-07,72,43249.99
2023-12-08,72,44199.33
2023-12-09,73,43701.25
2023-12-10,74,43762.68
2023-12-11,74,41221.12
2023-12-12,67,41512.61
2023-12-13,65,42906.87
2023-12-14,72,43004.17
2023-12-15,70,41953.42
2023-12-16,67,42244.61
2023-12-17,73,41448.75
2023-12-18,65,42666.06
2023-12-19,73,42300.16
2023-12-20,74,43645.95
2023-12-21,70,43849.41
2023-12-22,74,43948.89
2023-12-23,70,43727.32
2023-12-24,71,43017.9
2023-12-25,73,43613.88
2023-12-26,71,42519.8
2023-12-27,73,43384.25
2023-12-28,73,42592.06
2023-12-29,65,42057.41
2023-12-30,68,42198.85
2023-12-31,67,42224.09
2024-01-01,65,44122.03
2024-01-02,71,44957.63
2024-01-03,70,42818.03
2024-01-04,68,44188.15
2024-01-05,72,44112.11
2024-01-06,70,43941.78
2024-01-07,71,43850.46
2024-01-08,71,46900.01
2024-01-09,76,46082.08
2024-01-10,73,46564.21
2024-01-11,76,46356.96
2024-01-12,71,42896.05
2024-01-13,64,42840.02
2024-01-14,60,41737.9
2024-01-15,52,42611.43
2024-01-16,64,43137.2
2024-01-17,60,42764.71
2024-01-18,63,41296.92
2024-01-19,51,41627.16
2024-01-20,52,41668.99
2024-01-21,56,41549.91
2024-01-22,55,39516.98
2024-01-23,50,39873.77
2024-01-24,48,40145.83
2024-01-25,52,39929.16
2024-01-26,49,41866.1
2024-01-27,55,42112.7
2024-01-28,54,42018.7
2024-01-29,55,43269.41
2024-01-30,61,42915.56
2024-01-31,60,42611.24
2024-02-01,63,43069.45
2024-02-02,63,43189.15
2024-02-03,60,42970.67
2024-02-04,60,42609.98
2024-02-05,60,42713.66
2024-02-06,64,43105.15
2024-02-07,62,44328.04
2024-02-08,66,45315.99
2024-02-09,72,47093.93
2024-02-10,74,47760.23
2024-02-11,71,48269.68
2024-02-12,70,50017.36
2024-02-13,79,49741.98
2024-02-14,74,51819.74
2024-02-15,72,51888.33
2024-02-16,72,52121.96
2024-02-17,76,51673.99
2024-02-18,72,52119.06
2024-02-19,75,51739.37
2024-02-20,72,52278.15
2024-02-21,78,51833
2024-02-22,74,51339.49
2024-02-23,76,50830.04
2024-02-24,72,51549.1
2024-02-25,74,51743.97
2024-02-26,72,54454.91
2024-02-27,79,57029.24
2024-02-28,82,62497.28
2024-02-29,80,61256.01
2024-03-01,80,62481.07
2024-03-02,80,62004.02
2024-03-03,83,63099.99
2024-03-04,82,68208.36
2024-03-05,90,63971.07
2024-03-06,75,66137.13
2024-03-07,82,66903.82
2024-03-08,81,68202.87
2024-03-09,84,68513.59
2024-03-10,79,68949.74
2024-03-11,82,72094.44
2024-03-12,81,71473.86
2024-03-13,81,73087.95
2024-03-14,88,71432.39
2024-03-15,83,69532.18
2024-03-16,81,65286.52
2024-03-17,79,68650.08
2024-03-18,77,67711.55
2024-03-19,79,61981.15
2024-03-20,74,67854.02
2024-03-21,78,65476.17
2024-03-22,75,63567.63
2024-03-23,73,64238.03
2024-03-24,74,67246.83
2024-03-25,75,69901.99
2024-03-26,81,70059.97
2024-03-27,83,69529.85
2024-03-28,80,70702.74
2024-03-29,79,69850.52
2024-03-30,75,69674.78
2024-03-31,75,71216.98
2024-04-01,79,69731.26
2024-04-02,79,65448.35
2024-04-03,71,66074.16
2024-04-04,70,68461.23
2024-04-05,79,67928.77
2024-04-06,75,68904.86
2024-04-07,78,69388.74
2024-04-08,76,71631.77
2024-04-09,80,69198.22
2024-04-10,78,70513.6
2024-04-11,76,70112.05
2024-04-12,79,67208.21
2024-04-13,72,64255.94
2024-04-14,72,65582.95
2024-04-15,74,63496.91
2024-04-16,65,63679.78
2024-04-17,67,61309.97
2024-04-18,57,63418
2024-04-19,66,63965.95
2024-04-20,66,64857.99
2024-04-21,72,64896.87
2024-04-22,73,66818.89
2024-04-23,71,66386.61
2024-04-24,72,64291.07
2024-04-25,72,64495.27
2024-04-26,70,63806.23
2024-04-27,67,63483.13
2024-04-28,65,63059.25
2024-04-29,67,63817.97
2024-04-30,67,60761.95
2024-05-01,54,58266.04
2024-05-02,43,59134.5
2024-05-03,48,62799.97
2024-05-04,67,63880.04
2024-05-05,69,64040.05
2024-05-06,71,63197.19
2024-05-07,68,62380.43
2024-05-08,64,61220.05
2024-05-09,55,63110.01
2024-05-10,66,60887.95
2024-05-11,53,60784.24
2024-05-12,56,61549.96
2024-05-13,57,62917.18
2024-05-14,66,61602.22
2024-05-15,64,66247.62
2024-05-16,70,65249.97
2024-05-17,74,67004.04
2024-05-18,73,66914.58
2024-05-19,72,66347.05
2024-05-20,70,71418.17
2024-05-21,76,70104.4
2024-05-22,76,69224.99
2024-05-23,76,67923.97
2024-05-24,74,68534.95
2024-05-25,76,69264.99
2024-05-26,75,68552.6
2024-05-27,74,69446.22
2024-05-28,72,68397.44
2024-05-29,72,67665.53
2024-05-30,73,68375.98
2024-05-31,73,67576.21
2024-06-01,72,67747.95
2024-06-02,73,67781.47
2024-06-03,73,68808.7
2024-06-04,73,70599
2024-06-05,75,71131.93
2024-06-06,78,70783.1
2024-06-07,77,69375.8
2024-06-08,72,69316.65
2024-06-09,75,69657.34
2024-06-10,72,69519.27
2024-06-11,74,67345.04
2024-06-12,72,68270.22
2024-06-13,70,66771.55
2024-06-14,74,66052.46
2024-06-15,74,66198.06
2024-06-16,71,66661.05
2024-06-17,71,66491.14
2024-06-18,74,65098.92
2024-06-19,64,64950.06
2024-06-20,60,64881.08
2024-06-21,63,64097.29
2024-06-22,53,64272.8
2024-06-23,55,63290.43
2024-06-24,51,60382.81
2024-06-25,30,61789.98
2024-06-26,46,60761.24
2024-06-27,40,61646.05
2024-06-28,47,60427.86
2024-06-29,30,60964.17
2024-06-30,47,62849.53
2024-07-01,53,62889.92
2024-07-02,51,62127.95
2024-07-03,50,60294.75
2024-07-04,44,57142
2024-07-05,29,56691.34
2024-07-06,26,58232.99
2024-07-07,29,55878.38
2024-07-08,28,56681.81
2024-07-09,27,57995.99
2024-07-10,28,57719.47
2024-07-11,29,57381.96
2024-07-12,25,57899.96
2024-07-13,25,59174.19
2024-07-14,33,60946.02
2024-07-15,52,64819.37
2024-07-16,65,65119.1
2024-07-17,69,64120.47
2024-07-18,61,63966.13
2024-07-19,60,66648.03
2024-07-20,74,67182.45
2024-07-21,74,68071.99
2024-07-22,70,67587.97
2024-07-23,71,65914.55
2024-07-24,69,65412.03
2024-07-25,68,65750.02
2024-07-26,68,67914.02
2024-07-27,72,68045.98
2024-07-28,71,68234.91
2024-07-29,74,66810.03
2024-07-30,67,66244.03
2024-07-31,61,64665.98
2024-08-01,52,65409.83
2024-08-02,57,61487.05
2024-08-03,37,60760.03
2024-08-04,34,58074.85
2024-08-05,26,54006
2024-08-06,17,55982.04
2024-08-07,29,55024.11
2024-08-08,20,61837.93
2024-08-09,48,60848.51
2024-08-10,40,60875.98
2024-08-11,39,58819.99
2024-08-12,25,59342.02
2024-08-13,31,60565.01
2024-08-14,30,58730.93
2024-08-15,29,57600
2024-08-16,27,58902.1
2024-08-17,25,59420.03
2024-08-18,31,58525.95
2024-08-19,28,59562.71
2024-08-20,30,59056.01
2024-08-21,26,61109.99
2024-08-22,39,60386.02
2024-08-23,34,63979.97
2024-08-24,56,64107.98
2024-08-25,54,64279.03
2024-08-26,55,62866.04
2024-08-27,48,59503.05
2024-08-28,30,59034.65
2024-08-29,29,59348.98
2024-08-30,34,59158
2024-08-31,29,58965.98
2024-09-01,26,57341.08
2024-09-02,26,59127.62
2024-09-03,26,57544.01
2024-09-04,27,57984.05
2024-09-05,29,56170.04
2024-09-06,22,53922.68
2024-09-07,23,54188.32
2024-09-08,29,54823.96
2024-09-09,26,57031.98
2024-09-10,33,57627.99
2024-09-11,37,57364.02
2024-09-12,31,58116.05
2024-09-13,32,60575.47
2024-09-14,50,59987.93
2024-09-15,51,59198.11
2024-09-16,39,58229.2
2024-09-17,33,60303.5
2024-09-18,45,61449.14
2024-09-19,49,62953.98
2024-09-20,54,63102.03
2024-09-21,54,63389.92
2024-09-22,52,63575.97
2024-09-23,50,63332.69
2024-09-24,54,64335.62
2024-09-25,59,63165.61
2024-09-26,50,65142.08
2024-09-27,61,65762.47
2024-09-28,64,65923.99
2024-09-29,63,65668.25
2024-09-30,61,63290
2024-10-01,50,60888.04
2024-10-02,42,60670.03
2024-10-03,37,60776.01
2024-10-04,41,62110.02
2024-10-05,49,62084
2024-10-06,50,62823.43
2024-10-07,50,62300.75
2024-10-08,49,62215.97
2024-10-09,49,60647.99
2024-10-10,39,60260.02
2024-10-11,32,62410.61
2024-10-12,49,63216.04
2024-10-13,50,62806.34
2024-10-14,48,66085.97
2024-10-15,65,66984.04
2024-10-16,73,67657.43
2024-10-17,71,67363.67
2024-10-18,73,68465.29
2024-10-19,72,68394.04
2024-10-20,73,68987.76
2024-10-21,72,67440.04
2024-10-22,70,67393.99
2024-10-23,71,66745.54
2024-10-24,69,68234.05
2024-10-25,72,66637.8
2024-10-27,74,68029.34
2024-10-28,72,69892.45
2024-10-29,72,72782.82
2024-10-30,77,72359.86
2024-10-31,77,70340.01
2024-11-01,75,69531.96
2024-11-02,72,69319.96
2024-11-03,74,68832.86
2024-11-04,70,67792.92
2024-11-05,70,69348.54
2024-11-06,70,75567.57
2024-11-07,77,75919.31
2024-11-08,75,76544.78
2024-11-09,75,76615.99
2024-11-10,78,80409.97
2024-11-11,76,88627.98
2024-11-12,80,88164.77
2024-11-13,84,90300.02
2024-11-14,88,87347.45
2024-11-15,80,90949.94
2024-11-16,86,90543.67
2024-11-17,90,89763.59
2024-11-18,83,90549.34
2024-11-19,90,92119.47
2024-11-20,83,94174.71
2024-11-21,82,98425.93
2024-11-22,94,98851.49
2024-11-23,93,97628.02
2024-11-24,80,97867.46
2024-11-25,82,93079.67
2024-11-26,79,91993.22
2024-11-27,75,95899.86
2024-11-28,77,95632.03
2024-11-29,78,97383.7
2024-11-30,84,96436.01
2024-12-01,81,97236.3
2024-12-02,80,95807.6
2024-12-03,76,95970.93
2024-12-04,78,98730.99
2024-12-05,84,97013.92
2024-12-06,72,99798.48
2024-12-07,75,99699.99
2024-12-08,79,101215
2024-12-09,78,97422.43
2024-12-10,78,96628.01
2024-12-11,74,101074
2024-12-12,83,100041
2024-12-13,76,101371
2024-12-14,83,101364
2024-12-15,80,104621
2024-12-16,83,106010
2024-12-17,87,106052
2024-12-18,81,100368
2024-12-19,75,97874.66
2024-12-20,74,97691.36
2024-12-21,73,97253.03
2024-12-22,73,95136.87
2024-12-23,70,94748.02
2024-12-24,73,98805.9
2024-12-25,73,99436
2024-12-26,79,95830.42
2024-12-27,74,94452.57
2024-12-28,72,95204.07
2024-12-29,73,93659.56
2024-12-30,65,92811.03
2024-12-31,64,93647.01
2025-01-01,66,94610.14
2025-01-02,70,96949.18
2025-01-03,74,98126.64
2025-01-04,73,98259.43
2025-01-05,72,98394.57
2025-01-06,76,102222
2025-01-07,78,96916.64
2025-01-08,70,95059.96
2025-01-09,69,92406.11
2025-01-10,50,94749.98
2025-01-11,69,94595.97
2025-01-12,62,94489.93
2025-01-13,61,94474.29
2025-01-14,63,96624.15
2025-01-15,70,100280
2025-01-16,75,100050
2025-01-17,75,104119
2025-01-18,77,104415
2025-01-19,77,101378
2025-01-20,76,101926
2025-01-21,76,106198
2025-01-22,84,103720
2025-01-23,75,104039
2025-01-24,75,104811
2025-01-25,75,104816
2025-01-26,73,102623
2025-01-27,71,101986
2025-01-28,72,101344
2025-01-29,72,103705
2025-01-30,70,104793
2025-01-31,76,102391
2025-02-01,68,100649
2025-02-02,60,97584.89
2025-02-03,44,101371
2025-02-04,72,98027.99
2025-02-05,54,96594.39
2025-02-06,49,96586.85
2025-02-07,44,96503.93
2025-02-08,44,96544.97
2025-02-09,46,96515.22
2025-02-10,43,97372.05
2025-02-11,47,95783.6
2025-02-12,46,97799.93
2025-02-13,50,96551.64
2025-02-14,48,97483.36
2025-02-15,50,97551.71
2025-02-16,54,96126.98
2025-02-17,51,95811.35
2025-02-18,47,95532.97
2025-02-19,44,96559.3
2025-02-20,49,98386.99
2025-02-21,55,96161.18
2025-02-22,49,96551.04
2025-02-23,50,96247.99
2025-02-24,49,91453.66
2025-02-25,25,88797.34
2025-02-26,21,84000
2025-02-27,10,84813.78
2025-02-28,16,84501.01
2025-03-01,20,86006.06
2025-03-02,26,94233.81
2025-03-03,33,86286.03
2025-03-04,15,87322.12
2025-03-05,20,90614.42
2025-03-06,25,90056.86
2025-03-07,34,86832.99
2025-03-08,28,86159.9
2025-03-09,27,80771.68
2025-03-10,20,78794.69
2025-03-11,24,82840.24
2025-03-12,34,83887.28
2025-03-13,45,81146.12
2025-03-14,27,83957.61
2025-03-15,46,84368.36
2025-03-16,30,82576.96
2025-03-17,32,84067.57
2025-03-18,34,82799.03
2025-03-19,32,86793.7
2025-03-20,49,84304.83
2025-03-21,31,84050.18
2025-03-22,32,83798.13
2025-03-23,30,85750.02
2025-03-24,45,87365.98
2025-03-25,46,87483.06
2025-03-26,47,86945.41
2025-03-27,40,87233.76
2025-03-28,44,84428.01
2025-03-29,26,82659.11
2025-03-30,32,82345.82
2025-03-31,34,82541.29
2025-04-01,34,85216.81
2025-04-02,44,82548.31
2025-04-03,25,83199.95
2025-04-04,28,83879.86
2025-04-05,30,83582.03
2025-04-06,34,78310.34
